Сайт;Телефон;Email
https://xn--g1anf0c.xn--90ais;+375293629192;rosybel@mail.ru
https://sendflowers.by;+375293886554;info@sendflowers.by
https://cvetok-shop.by;Ошибка загрузки;Ошибка загрузки
https://2gis.by;Не найден;support@2gis.ru?subject=Unlawful blocking
https://lepestok.by;+375296039757;Не найден
https://flowwow.by;Не найден;Не найден
https://florist.ru;8 800 200-40-70;customercare@florist.ru
https://rus-buket.ru;88003330905;info@rus-buket.ru
https://rozyminsk.by;+375 (29) 503 30 08;ip.metlicki@yandex.by
https://roza.by;Ошибка загрузки;Ошибка загрузки
https://pervo-cvet.by;80 22 110 30 79;mail@pervo-cvet.by
https://daflor.by;+375 (25) 681 00 08;info@daflor.by
https://orsrose.by;+375445399874;mag77@dorors.by
https://podarok.by;Ошибка загрузки;Ошибка загрузки
https://millionroz.by;+375(44)792-12-50;info@millionroz.by
https://dolinaroz.by;+375255142105;dolinaroz.by@gmail.com
https://dostavka-cvetov365.by;+375291440842;info@dostavka-cvetov365.by
https://xn--b1agjiih2ae7a5c.xn--90ais;+375333330083;ArtBloomgr@gmail.com
